{
  "baseline": 1500.671532269857,
  "concise": 1514.5612260339533,
  "detailed": 1516.7670233743434,
  "structured": 1468.0002183218464
}